recipe_id,department,recipe_number,recipe_name,servings,energy_kcal_per_serving,protein_g_per_serving,carbohydrates_g_per_serving,iron_mg_per_serving,vitamin_a_ug_per_serving,zinc_mg_per_serving,preparation,source_page,source_type
TUM_REC_0001,Tumbes,1,"Guiso de panamito con chicharrón de pota, ensalada criolla, melón y refresco de maíz morado",4,789,32,113,7,159,4,"Ensalada criolla: 1. Lavar y cortar el tomate. 2. Cortar a la pluma y lavar la cebolla. 3. Lavar y picar el perejil. 4. Lavar, despepitar y cortar el ají amarillo. 5. Aliñar la ensalada con limón y sal yodada. | Guiso de panamito con chicharrón de pota: 1. Preparar el arroz graneado. 2. Escoger el frijol, lavar y remojar, un día antes de la preparación. 3. Freír en aceite vegetal el ajo molido, la cebolla y tomate picado en cuadraditos; adicionar el frijol panamito, la sal yodada con moderación y dejar sancochar. 4. Limpiar, quitar la piel a la pota, sancochar. 5. Cortar la pota en tiras, mezclar con mostaza y harina de maíz; luego rebosar con huevo batido y freír en aceite vegetal. 6. Servir el guiso de panamito con chicharrón de pota y arroz graneado. | Refresco de maíz morado: 1. Hervir el maíz morado. 2. Adicionar azúcar y limón. 3. Enfriar y servir.",13-14,familiar_regional
TUM_REC_0002,Tumbes,2,"Majado con pescado frito, ensalada de cebolla, tomate y lechuga, mandarina y refresco de limón",4,784,34,105,3,129,2,"Ensalada de cebolla, tomate y lechuga: 1. Lavar y cortar el tomate. 2. Cortar a la pluma y lavar la cebolla. 3. Lavar la lechuga. 4. Agregar aceite vegetal a la ensalada. 5. Aliñar la ensalada con limón y sal yodada. | Majado con pescado frito: 1. Preparar el arroz graneado. 2. Pelar el plátano, cortar en trozos y freír en aceite vegetal, retirar y majar (chancar); en una sartén, dorar ligeramente la cebolla y agregar el majado de plátano, culantro y ají amarillo. 3. Lavar el pescado, filetear y condimentar con ajo molido, sal yodada y pimienta, freír en aceite vegetal. 4. Servir el majado de plátano acompañado de pescado frito y arroz graneado. | Refresco de limón: 1. Exprimir el limón. 2. Adicionar azúcar. 3. Servir.",15-16,familiar_regional
TUM_REC_0003,Tumbes,3,"Tallarín verde con hígado, ensalada de pepinillo, naranja y refresco de piña",4,811,39,113,17,5633,6,"Ensalada de pepinillo: 1. Lavar y cortar el tomate. 2. Cortar a la pluma y lavar la cebolla. 3. Lavar, pelar y cortar el pepinillo. 4. Aliñar la ensalada con limón y sal yodada con moderación. | Tallarín verde con hígado: 1. Sancochar el fideo con un chorrito de aceite, escurrir y reservar. 2. Limpiar el hígado, lavar, filetear y sazonar con ajo molido, pimienta, comino y sal yodada, freír en aceite vegetal. 3. Para preparar la salsa, freír en aceite vegetal la cebolla picada en cuadraditos y el ajo molido; adicionar la espinaca previamente pasada por agua caliente; añadir queso, leche evaporada y sal yodada; licuar. 4. Para obtener la crema huancaína, licuar el ají amarillo, el queso, la leche evaporada y la sal yodada. 5. Lavar la papa, sancochar, pelar y cortar en tajadas. 6. Servir el tallarín verde con hígado frito acompañado de crema a la huancaína, una tajada de papa y huevo duro. | Refresco de piña: 1. Licuar la piña; colar. 2. Adicionar azúcar. 3. Servir.",17-18,familiar_regional
TUM_REC_0004,Tumbes,4,"Picante de sangrecita con patacones al ajo, ensalada rusa, piña y refresco de carambola",4,807,25,119,31,408,2,"Ensalada rusa: 1. Lavar las hojas de lechuga. 2. Lavar, sancochar y picar la betarraga y zanahoria. 3. Pelar y hervir la arveja fresca. 4. Desgranar y hervir el choclo. 5. Aliñar la ensalada con limón y sal yodada. | Picante de sangrecita con patacones al ajo: 1. Cortar el plátano en porciones según tamaño deseado de patacones. 2. Pelar el plátano, cortar en trozos y freír en aceite vegetal, retirar y majar (chancar). Sumergir en agua con ajo; luego freír por segunda vez hasta que se doren. 3. Para preparar el picante de sangrecita, freír en el aceite vegetal la cebolla picada en cuadraditos, el ajo y el ají amarillo molido; agregar la sangrecita picada, condimentar con pimienta, comino y sal yodada. Sofreír por 5 minutos. 4. En un recipiente, vaciar la preparación anterior; adicionar culantro, hierbabuena, cebolla china y ají amarillo picado. Mover. 5. Servir el picante de sangrecita con patacones al ajo y arroz graneado. | Refresco de carambola: 1. Hervir la carambola, licuar y colar. 2. Adicionar azúcar. 3. Servir.",19-20,familiar_regional
TUM_REC_0005,Tumbes,5,"Guiso de pota con frijol, ensalada de espinaca, plátano de seda y refresco de maracuyá",4,825,33,118,11,658,4,"Ensalada de espinaca: 1. Lavar y cortar el tomate. 2. Lavar y picar la espinaca. 3. Picar el queso. 4. Aliñar la ensalada con limón y sal yodada con moderación. | Guiso de pota con frijol: 1. Preparar el arroz graneado. 2. Remojar el frijol un día anterior a la preparación; hervir. 3. Freír en aceite vegetal la cebolla y el ajo molido, adicionar el frijol sancochado y sal yodada. Hervir. 4. Lavar la pota, quitar la piel y picar en cuadraditos. Reservar. 5. Freír en aceite vegetal el ajo molido, la cebolla y tomate picado, sazonar con pimienta. Agregar la pota sancochada, la zanahoria y la hoja de laurel. Hervir. 6. Servir el guiso de pota con frijol acompañado de arroz. | Refresco de maracuyá: 1. Licuar el maracuyá; colar. 2. Adicionar azúcar. 3. Servir.",21-22,familiar_regional
TUM_REC_0006,Tumbes,6,"Corazón con zarandaja a la jardinera, ensalada de palta, mandarina y refresco de maíz morado",4,793,32,114,7,390,7,"Ensalada de palta: 1. Lavar y cortar el tomate. 2. Cortar a la pluma y lavar la cebolla. 3. Lavar, pelar, despepitar y cortar la palta. 4. Aliñar la ensalada con limón y sal yodada. | Corazón con zarandaja a la jardinera: 1. Preparar el arroz graneado. 2. Remojar el frijol zarandaja un día antes y hervir. 3. Limpiar el corazón de pollo, partir por la mitad, sazonar con ajo molido, sal yodada y vinagre; freír en aceite vegetal. 4. Freír en aceite vegetal la cebolla y tomate, agregar la zanahoria picada, la arveja fresca, el brócoli, agua y dejar cocinar; luego, añadir el frijol zarandaja cocido y el corazón frito; mezclar. 5. Servir el corazón con zarandaja a la jardinera acompañada de arroz graneado. | Refresco de maíz morado: 1. Hervir el maíz morado. 2. Adicionar azúcar y limón. 3. Enfriar y servir.",23-24,familiar_regional
TUM_REC_0007,Tumbes,7,"Pota a la italiana, ensalada de palta, uva y refresco de limón",4,812,29,117,5,365,4,"Ensalada de palta: 1. Cortar a la pluma y lavar la cebolla. 2. Lavar, pelar, despepitar y cortar la palta. 3. Aliñar la ensalada con limón y sal yodada. | Pota a la italiana: 1. Preparar el arroz graneado. 2. Freír la papa en bastones y reservar. 3. Cocinar la pota con agua y sal yodada, luego quitar la piel y reservar. 4. Freír en aceite vegetal la cebolla y tomate picado, el ají colorado y ají amarillo molido. Luego, agregar la pota en tiras, la zanahoria picada, la arveja fresca, la papa frita, sal yodada y la hoja de laurel; mezclar y dejar cocinar por algunos minutos. 5. Servir la pota a la italiana acompañada con arroz graneado. | Refresco de limón: 1. Exprimir el limón. 2. Adicionar azúcar. 3. Servir.",25-26,familiar_regional
TUM_REC_0008,Tumbes,8,"Pescado saltado con pallar, ensalada de colores, piña y refresco de manzana",4,809,34,118,7,334,3,"Ensalada de colores: 1. Lavar y cortar el tomate. 2. Cortar a la pluma y lavar la cebolla. 3. Lavar, pelar, hervir y cortar la zanahoria. 4. Lavar y cortar la caigua. 5. Lavar la lechuga. 6. Aliñar la ensalada con limón y sal yodada. | Pescado saltado con pallar: 1. Preparar el arroz graneado. 2. Remojar el pallar un día antes y hervir. 3. Freír en aceite vegetal la cebolla y tomate picado, sazonar con pimienta y sal yodada. Adicionar el pallar sancochado, mezclar y cocinar. 4. Condimentar el pescado con ajo molido, pimienta y sal yodada; freír en aceite vegetal. Agregar el tomate, la cebolla picada en gajos y el ají amarillo en tiras. Hervir. 5. Servir el pescado saltado con pallar acompañado de arroz graneado. | Refresco de manzana: 1. Hervir la manzana, licuar y colar. 2. Adicionar azúcar. 3. Enfriar y servir.",27-28,familiar_regional
TUM_REC_0009,Tumbes,9,"Sudado de caballa, ensalada de lechuga, pepinillo y tomate, uva y refresco de naranja",4,797,30,120,5,123,3,"Ensalada de Lechuga, pepinillo y tomate: 1. Lavar y cortar el tomate. 2. Lavar, pelar y cortar el pepinillo. 3. Lavar la lechuga. 4. Aliñar la ensalada con limón y sal yodada. | Sudado de caballa: 1. Preparar el arroz graneado. 2. Pelar la yuca, lavar, cortar y sancochar. 3. Lavar y cortar el pescado. 4. Freír en aceite vegetal el ajo y ají colorado molido; agregar el pescado, el pimiento en tiras, la cebolla y el tomate en gajos. Hervir. 5. Una vez cocido el pescado añadir la chicha de jora y el culantro picado. 6. Servir el sudado de caballa acompañado de yuca y arroz graneado. | Refresco de naranja: 1. Exprimir la naranja. 2. Adicionar azúcar. 3. Servir.",29-30,familiar_regional
TUM_REC_0010,Tumbes,10,"Cachema frita con patacones, ensalada de palta, papaya y refresco de maracuyá",4,765,31,108,4,204,2,"Ensalada de palta: 1. Lavar y cortar el tomate. 2. Cortar a la pluma y lavar la cebolla. 3. Lavar, pelar, despepitar y cortar la palta. 4. Aliñar la ensalada con limón y sal yodada. | Cachema frita con patacones: 1. Preparar el arroz graneado. 2. Cortar el plátano en pequeñas porciones según tamaño deseado de patacones. 3. Freír en aceite vegetal el trozo de plátano, luego sacar y aplastar caliente; seguidamente, freír por segunda vez hasta que se dore. 4. Sazonar el pescado con sal yodada y pimienta, rebosar con harina de trigo y huevo batido; freír en aceite vegetal. 5. Servir la cachema frita con patacones y arroz graneado. | Refresco de maracuyá: 1. Licuar el maracuyá; colar. 2. Adicionar azúcar. 3. Servir.",31-32,familiar_regional
TUM_REC_0011,Tumbes,11,"Tortilla de caballa, ensalada de tomate y lechuga, manzana y refresco linaza con canela",4,825,33,121,6,96,2,"Ensalada de tomate y lechuga: 1. Lavar y cortar el tomate. 2. Lavar la lechuga. 3. Despepitar y cortar la aceituna. 4. Aliñar la ensalada con limón y sal yodada. | Tortilla de caballa: 1. Preparar el arroz a la jardinera. 2. Sancochar la caballa, luego desmenuzar y reservar. 3. Lavar y cortar la espinaca, cebolla, tomate y brócoli sancochado, mezclar con los huevos batidos; luego, adicionar la caballa deshilachada, sal yodada y pimienta. 4. Freír en aceite vegetal la tortilla de caballa. 5. Servir la tortilla de caballa con arroz graneado. | Refresco de linaza con canela: 1. Hervir la linaza con canela. 2. Adicionar azúcar. 3. Servir.",33-34,familiar_regional
TUM_REC_0012,Tumbes,12,"Guiso y cebiche de toyo, ensalada criolla, plátano de seda y refresco de carambola",4,860,33,126,8,72,3,"Ensalada criolla: 1. Lavar y cortar el tomate. 2. Cortar a la pluma y lavar la cebolla. 3. Adicionar aceite vegetal a las verduras. 4. Aliñar la ensalada con limón y sal yodada. | Guiso y cebiche de toyo: 1. Preparar el arroz graneado, aderezado con aceite vegetal, ajo molido y achiote. 2. Remojar el frijol zarandaja un día antes; cocinar. Reservar. 3. Para preparar el toyo guisado, cocinar la mitad del toyo en agua con culantro, ajo y sal yodada; seguidamente, freír en aceite vegetal la cebolla y tomate picado, el ají amarillo molido y el achiote; luego agregar el toyo picado, remover y cocinar. 4. Para preparar el cebiche, colocar en un recipiente la otra mitad del toyo trozado, mezclar con ají, jugo de limón, cebolla a la juliana, ajo molido, pimienta y sal yodada; dejar reposar. 5. Servir el guiso y cebiche de toyo, acompañado con frijol zarandaja, maíz cancha y arroz graneado. | Refresco de carambola: 1. Hervir la carambola, licuar y colar. 2. Adicionar azúcar. 3. Servir.",35-36,familiar_regional
TUM_REC_0013,Tumbes,13,"Locro con pescado, ensalada de col, naranja y refresco de limón",4,820,37,111,6,240,2,"Ensalada de col: 1. Lavar, pelar y cortar el pepinillo. 2. Lavar y picar la espinaca. 3. Lavar y cortar el tomate. 4. Aliñar la ensalada con limón y sal yodada. | Locro con pescado: 1. Preparar el arroz graneado. 2. Lavar el pescado y filetear; luego, sazonar con sal yodada y pimienta, enharinar y freír en aceite vegetal. 3. Freír en aceite vegetal la cebolla picada, el ajo y el ají amarillo molido, agregar el zapallo, la arveja fresca, la papa y el choclo. Una vez cocido añadir el queso. 4. Servir el locro con pescado frito y arroz graneado. | Refresco de limón: 1. Exprimir el limón. 2. Adicionar azúcar. 3. Servir.",37-38,familiar_regional
TUM_REC_0014,Tumbes,14,"Guiso de pollo con frijol, ensalada fresca, uva y refresco de piña",4,788,30,116,7,598,4,"Ensalada fresca: 1. Lavar y cortar el tomate. 2. Cortar a la pluma y lavar la cebolla. 3. Pelar, hervir y cortar la zanahoria. 4. Lavar la lechuga. 5. Aliñar la ensalada con limón y sal yodada. | Guiso de pollo con frijol: 1. Preparar el arroz graneado. 2. Remojar el frijol un día anterior a la preparación. 3. Freír en aceite vegetal la cebolla picada, el ajo y ají amarillo molido, adicionar el frijol y sal yodada; cocinar. 4. Lavar, filetear y condimentar el pollo con pimienta, comino y vinagre; reservar. 5. Freír en aceite vegetal la cebolla picada, el ajo y ají colorado molido, añadir el pollo, sofreír; hervir. 6. Servir el guiso de pollo acompañado de frijol guisado y arroz graneado. | Refresco de piña: 1. Licuar la piña y colar. 2. Adicionar azúcar. 3. Servir.",39-40,familiar_regional
TUM_REC_0015,Tumbes,15,"Bolas de plátano a la tumbesina, ensalada tricolor, granadilla y refresco de manzana",4,810,34,119,8,437,6,"Ensalada tricolor: 1. Lavar y cortar las hojas de espinaca. 2. Cortar a la pluma y lavar la cebolla. 3. Lavar, pelar y rallar la zanahoria. 4. Aliñar la ensalada con limón y sal yodada. | Bolas de plátano a la tumbesina: 1. Sancochar el plátano sin pelar; luego aplastar; rallar los otros plátanos crudos y mezclar con el cocido aplastado. Reservar. 2. Disolver el achiote en aceite vegetal, sazonar con pimienta, comino y sal yodada; agregar el plátano, amasar hasta tener una masa suave. 3. Hervir la carne con apio, zanahoria y hierbabuena; luego picar y reservar. 4. Para el relleno, en aceite vegetal dorar la cebolla y el tomate picado, el ajo molido; sazonar con comino, pimienta y sal yodada, adicionar la carne cocida, pasas, aceituna y huevo duro picado. 5. Formar la bola con la masa de plátano, colocar un poco de relleno, cerrar; luego sancochar en caldo de res. 6. Servir la bola de plátano acompañado con arroz graneado. | Refresco de manzana: 1. Hervir la manzana, licuar y colar. 2. Adicionar azúcar. 3. Enfriar y servir.",41-42,familiar_regional
TUM_REC_0016,Tumbes,16,"Escabeche de bonito, ensalada de brócoli, granadilla y refresco de canela",4,806,38,111,6,921,3,"Ensalada de brócoli: 1. Lavar y cortar el tomate. 2. Lavar la lechuga. 3. Lavar, cortar y hervir el brócoli. 4. Aliñar la ensalada con limón y sal yodada. | Escabeche de bonito: 1. Preparar el arroz graneado. 2. Lavar, sancochar, pelar y partir el camote. 3. Lavar y filetear el pescado bonito, condimentar con pimienta, ajo y sal yodada; freír en aceite vegetal; reservar. 4. Freír en aceite vegetal el ajo y el ají amarillo molido; luego, adicionar la cebolla en gajos, el ají amarillo a la juliana y zanahoria en rodajas, dejar cocinar por unos minutos; agregar el pescado bonito, laurel, sal yodada, pimienta y vinagre, mezclar y cocinar. 5. Servir el escabeche de bonito acompañado de huevo, aceituna, camote y arroz graneado. | Refresco de canela: 1. Hervir la canela. 2. Agregar azúcar. 3. Enfriar y servir.",43-44,familiar_regional
TUM_REC_0017,Tumbes,17,"Seco de res con frijol, ensalada criolla, mandarina y refresco de piña",4,776,33,116,9,179,6,"Ensalada criolla: 1. Lavar y cortar el tomate. 2. Cortar a la pluma y lavar la cebolla. 3. Lavar, cortar y hervir la rama de brócoli. 4. Lavar y picar el ají amarillo. 5. Lavar y picar la hojita de culantro. 6. Lavar la hoja de lechuga. 7. Adicionar aceite vegetal a la ensalada. 8. Aliñar la ensalada con limón y sal yodada. | Seco de res con frijol: 1. Preparar el arroz graneado. 2. Remojar el frijol un día anterior a la preparación. Cocinar. 3. Freír en aceite vegetal la cebolla picada, el ajo y el ají colorado molido; adicionar el frijol y la sal yodada; dar un hervor. 4. Limpiar y cortar la carne en filetes, condimentar con ajo, pimienta, comino, sal yodada y chicha de jora; macerar. 5. Dorar en aceite vegetal la cebolla picada, el ajo, ají colorado, ají amarillo, ají amarillo panca y culantro molido; agregar la carne macerada y sofreír; luego, incluir el líquido de maceración y el zapallo loche; hervir. 6. Servir el seco de res con frijol acompañado de arroz graneado. | Refresco de piña: 1. Licuar la piña; colar. 2. Adicionar azúcar. 3. Servir.",45-46,familiar_regional
TUM_REC_0018,Tumbes,18,"Filete de bonito con salsa a la huancaína, ensalada de lechuga, manzana y refresco de mandarina",4,833,398,104,5,228,2,"Ensalada de Lechuga: 1. Lavar, pelar y cortar el pepinillo. 2. Lavar la lechuga. 3. Lavar y picar el pimiento. 4. Aliñar la ensalada con limón y sal yodada. | Filete de bonito con salsa a la huancaína: 1. Preparar el arroz graneado con achiote. 2. Lavar, sancochar, pelar y partir la papa. 3. Lavar y filetear el pescado bonito, condimentar con pimienta, ajo molido y sal yodada; freír en aceite vegetal; reservar. 4. Para obtener la salsa huancaína, licuar el ají amarillo, el queso, la leche evaporada, la galleta de soda y el aceite vegetal. 5. Servir el filete de pescado con papa y salsa a la huancaína acompañada de huevo duro, aceituna y arroz graneado. | Refresco de mandarina: 1. Exprimir la mandarina. 2. Adicionar azúcar. 3. Servir.",47-48,familiar_regional
TUM_REC_0019,Tumbes,19,"Hígado encebollado con pallar batido, ensalada de tomate y espinaca, piña y refresco de cebada",4,812,33,120,11,2828,6,"Ensalada de tomate y espinaca: 1. Lavar y cortar el tomate. 2. Lavar y picar la hoja de espinaca. 3. Aliñar la ensalada con limón y sal yodada. | Hígado encebollado con pallar batido: 1. Preparar el arroz graneado. 2. Remojar el pallar un día anterior a la preparación. Hervir. 3. Freír en aceite vegetal la cebolla picada, el ajo y ají amarillo molido; adicionar el pallar y la sal yodada, dar un hervor. Luego, batir y echar la leche evaporada. 4. Freír en aceite vegetal el hígado fileteado, sazonar con ajo y ají colorado molido y condimentar con pimienta y comino; agregar agua. Hervir. Una vez cocido el hígado, añadir la cebolla y tomate picado en gajos, el vinagre y el sillao; saltear. 5. Servir el hígado encebollado con pallar batido y arroz graneado. | Refresco de cebada: 1. Hervir la cebada tostada. 2. Agregar azúcar. 3. Enfriar y servir.",49-50,familiar_regional
TUM_REC_0020,Tumbes,20,"Cau cau de toyo, ensalada de choclo, uva y refresco de carambola",4,779,33,117,7,374,2,"Ensalada de choclo: 1. Desgranar y hervir el choclo. 2. Lavar, hervir, pelar y cortar la zanahoria. 3. Lavar la hoja de lechuga. 4. Pelar y hervir la arveja fresca. 5. Lavar y picar el pimiento. 6. Lavar, cortar y hervir las vainitas. 7. Agregar aceite vegetal a la ensalada. 8. Aliñar la ensalada con limón y sal yodada. | Cau cau de toyo: 1. Limpiar y picar en cuadraditos medianos el tollo. 2. Preparar el aderezo del cau cau de tollo, freír en aceite vegetal la cebolla picada en cuadraditos, el ajo y ají amarillo molido; adicionar el tollo picado, sazonar con pimienta y sal yodada; añadir la papa picada en cuadraditos medianos, zanahoria picada en cuadraditos pequeños, arveja fresca y agua; cocinar. Una vez cocido el tollo, agregar culantro picado. 3. Servir el cau cau de tollo acompañado de arroz graneado. | Refresco de carambola: 1. Hervir la carambola, licuar y colar. 2. Adicionar azúcar. 3. Servir.",51-52,familiar_regional
TUM_REC_0021,Tumbes,21,"Sanguito de plátano con pescado, ensalada de tomate, plátano de seda y refresco de linaza con canela",4,805,37,114,4,504,2,"Ensalada de tomate: 1. Lavar y cortar el tomate. 2. Pelar y rallar la zanahoria. 3. Lavar, cortar y hervir la vainita. 4. Agregar aceite vegetal a la ensalada. 5. Aliñar la ensalada con limón y sal yodada. | Sanguito de plátano con pescado: 1. Preparar una porción de arroz blanco y otra con achiote. Granear. 2. Cocinar el pescado con agua y sal yodada. 3. Para preparar el sanguito de plátano, rallar el plátano y licuar; adicionar achiote, agua y maní; Hervir y luego reservar. 4. Freír en aceite vegetal la cebolla y tomate picado, el ajo y ají amarillo molido; sazonar con pimienta y sal yodada, agregar el pescado cortado en trozos, hervir; cuando la mezcla está cocida, añadir culantro picado, remover. 5. Servir el sanguito de plátano con pescado acompañado de arroz graneado. | Refresco de linaza con canela: 1. Hervir la linaza con canela. 2. Adicionar azúcar. 3. Enfriar y servir.",53-54,familiar_regional
TUM_REC_0022,Tumbes,22,"Mixtura tumbesina, ensalada de choclo y haba con queso, granadilla y refresco de limón",4,804,34,115,10,2740,4,"Ensalada de choclo y haba con queso: 1. Pelar y hervir las habas frescas. 2. Hervir y desgranar el choclo. 3. Picar el queso. 4. Picar y lavar la cebolla. 5. Lavar y picar el tomate. 6. Agregar sal yodada. | Mixtura tumbesina: 1. Preparar el arroz graneado con achiote. 2. Sancochar y picar el bofe e hígado. 3. Picar en trozos pequeños el plátano bellaco cocido. 4. Freír en aceite vegetal la cebolla y tomate picado, el ajo y ají amarillo molido, sazonar con pimienta, comino y sal yodada; adicionar el hígado y bofe, sofreír; agregar el caldo de cocción y el pimiento picado. Hervir. Una vez lista la preparación echar el culantro, perejil y hierba buena picada. 5. Servir la mixtura tumbesina acompañada de plátano y arroz graneado. | Refresco de limón: 1. Exprimir el limón. 2. Adicionar azúcar. 3. Servir.",55-56,familiar_regional
TUM_REC_0023,Tumbes,23,"Arroz con mariscos y cebiche de pescado, ensalada criolla, papaya y refresco de maíz morado",4,811,36,122,6,372,3,"Ensalada criolla: 1. Lavar y cortar el tomate. 2. Cortar a la pluma y lavar la cebolla. 3. Picar el culantro. 4. Agregar aceite vegetal a la ensalada. 5. Aliñar la ensalada con limón y sal yodada. | Arroz con mariscos y cebiche de pescado: 1. Preparar el arroz graneado con achiote, reservar. 2. Lavar y hervir la mixtura de mariscos. 3. Preparar un caldo de cabeza de pescado y choros. 4. Freír en aceite vegetal la cebolla picada, el ajo, ají colorado y ají amarillo molido; adicionar la arveja fresca, el pimiento y zanahoria picada, el caldo de cabeza; hervir; luego, echar la mixtura de mariscos, chicha de jora; cocinar por unos minutos, agregar arroz y culantro picado; mezclar. 5. Para preparar el cebiche, colocar en un recipiente el pescado trozado, mezclar con ají, jugo de limón, cebolla a la juliana, ajo molido, pimienta y sal yodada; dejar reposar. 6. Servir el arroz con mariscos, cebiche de pescado y chifle. | Refresco de maíz morado: 1. Hervir el maíz morado. 2. Adicionar azúcar y limón. 3. Enfriar y servir.",57-58,familiar_regional
TUM_REC_0024,Tumbes,24,"Majarisco tumbesino, ensalada de verduras frescas, melón y refresco de tamarindo",4,828,38,93,10,210,4,"Ensalada de verduras frescas: 1. Lavar y cortar el tomate. 2. Lavar la lechuga. 3. Aliñar la ensalada con limón y sal yodada. | Majarisco tumbesino: 1. Tostar la cancha. 2. Remojar los frijoles un día anterior a la preparación. Cocinar. 3. Lavar y cortar en trozos el plátano; freír en aceite vegetal; majar y reservar. 4. Lavar la mixtura de mariscos, reservar. 5. Freír en aceite vegetal la cebolla picada, el ajo y ají amarillo molido; sazonar con pimienta y sal yodada; agregar la mixtura de mariscos, el pimiento picado y la chicha de jora, hervir. Una vez lista la preparación, mezclar con el plátano majado y el culantro picado. 6. Servir el majarisco tumbesino acompañado de frijol zarandaja y cancha. | Refresco de tamarindo: 1. Despepitar el tamarindo. 2. Hervir la pulpa del tamarindo, licuar y colar. 3. Adicionar azúcar. 4. Enfriar y servir.",59-60,familiar_regional
TUM_REC_0025,Tumbes,25,"Causa de sangrecita, ensalada verde, uva y refresco de manzana",4,838,30,123,36,316,2,"Ensalada verde: 1. Lavar la lechuga. 2. Lavar, pelar y cortar el pepinillo. 3. Picar el culantro. 4. Aliñar la ensalada con limón y sal yodada. | Causa de sangrecita: 1. Cocinar la sangrecita; picar. 2. Hervir la papa, zanahoria y arveja fresca; reservar. 3. Prensar la papa; agregar jugo de limón, ají amarillo molido, pimienta, sal yodada y aceite vegetal; mezclar. 4. Freír en aceite vegetal la cebolla picada, el ajo y ají amarillo molido; añadir la sangrecita, hierbabuena, culantro y zanahoria picada, arveja fresca, pimienta y sal yodada, mezclar. Reservar. 5. Preparar la causa; primero coloca una capa de masa de papa, segundo una capa de palta, tercera masa de papa, cuarta capa de sangrecita y terminar una de masa de papa. 6. Acompañar la causa con huevo en rodaja, aceituna, mayonesa y perejil picado. 7. Servir la causa de sangrecita acompañada de arroz graneado. | Refresco de manzana: 1. Hervir la manzana, licuar y colar. 2. Adicionar azúcar. 3. Enfriar y servir.",61-62,familiar_regional
